Type,Subject,Max Value,Min Value
data,Subject056,36424.56138432026,0.0
ground_truth,Subject056,18242.787109375,0.0
latent_target_frame1,Subject056,30483.65625,0.0
latent_target_frame2,Subject056,26173.615234375,0.0
latent_target_frame3,Subject056,23176.095703125,0.0
data,Subject081,36655.096929073334,0.0
ground_truth,Subject081,16384.166015625,0.0
latent_target_frame1,Subject081,25800.375,0.0
latent_target_frame2,Subject081,21294.611328125,0.0
latent_target_frame3,Subject081,20642.1015625,0.0
data,Subject082,42554.86237317324,0.0
ground_truth,Subject082,18765.28125,0.0
latent_target_frame1,Subject082,31093.43359375,0.0
latent_target_frame2,Subject082,27776.451171875,0.0
latent_target_frame3,Subject082,22108.982421875,0.0
data,Subject010,31430.57508766651,0.0
ground_truth,Subject010,10487.7841796875,0.0
latent_target_frame1,Subject010,23424.681640625,0.0
latent_target_frame2,Subject010,19050.25390625,0.0
latent_target_frame3,Subject010,16292.314453125,0.0
data,Subject091,46127.42504686117,0.0
ground_truth,Subject091,23004.412109375,0.0
latent_target_frame1,Subject091,27237.06640625,0.0
latent_target_frame2,Subject091,21016.443359375,0.0
latent_target_frame3,Subject091,34448.16015625,0.0
data,Subject090,69413.88612449169,0.0
ground_truth,Subject090,30429.4296875,0.0
latent_target_frame1,Subject090,51282.77734375,0.0
latent_target_frame2,Subject090,42989.30078125,0.0
latent_target_frame3,Subject090,39354.10546875,0.0
data,Subject005,34235.477600097656,0.0
ground_truth,Subject005,10842.259765625,0.0
latent_target_frame1,Subject005,21498.79296875,0.0
latent_target_frame2,Subject005,17650.923828125,0.0
latent_target_frame3,Subject005,14061.373046875,0.0
data,Subject017,33342.721691429615,0.0
ground_truth,Subject017,12246.318359375,0.0
latent_target_frame1,Subject017,21908.865234375,0.0
latent_target_frame2,Subject017,19191.5546875,0.0
latent_target_frame3,Subject017,16110.185546875,0.0
data,Subject079,43894.69349116087,0.0
ground_truth,Subject079,14917.0478515625,0.0
latent_target_frame1,Subject079,30135.568359375,0.0
latent_target_frame2,Subject079,22706.20703125,0.0
latent_target_frame3,Subject079,19340.90234375,0.0
data,Subject032,19076.363210231066,0.0
ground_truth,Subject032,6062.4326171875,0.0
latent_target_frame1,Subject032,11825.53125,0.0
latent_target_frame2,Subject032,9408.015625,0.0
latent_target_frame3,Subject032,7853.7802734375,0.0
data,Subject038,35539.856134057045,0.0
ground_truth,Subject038,17632.626953125,0.0
latent_target_frame1,Subject038,28095.876953125,0.0
latent_target_frame2,Subject038,25573.6640625,0.0
latent_target_frame3,Subject038,22735.248046875,0.0
data,Subject057,20194.01998400688,0.0
ground_truth,Subject057,7208.5859375,0.0
latent_target_frame1,Subject057,13519.697265625,0.0
latent_target_frame2,Subject057,10569.0830078125,0.0
latent_target_frame3,Subject057,9819.1650390625,0.0
data,Subject024,32802.10494071245,0.0
ground_truth,Subject024,13595.7353515625,0.0
latent_target_frame1,Subject024,22344.8203125,0.0
latent_target_frame2,Subject024,17049.17578125,0.0
latent_target_frame3,Subject024,22721.8359375,0.0
data,Subject020,44416.048817038536,0.0
ground_truth,Subject020,20449.30078125,0.0
latent_target_frame1,Subject020,36641.1484375,0.0
latent_target_frame2,Subject020,30910.658203125,0.0
latent_target_frame3,Subject020,28890.32421875,0.0
data,Subject026,31103.636717051268,0.0
ground_truth,Subject026,10979.7470703125,0.0
latent_target_frame1,Subject026,20216.484375,0.0
latent_target_frame2,Subject026,16379.0537109375,0.0
latent_target_frame3,Subject026,13944.404296875,0.0
data,Subject006,35527.26257622242,0.0
ground_truth,Subject006,21817.181640625,0.0
latent_target_frame1,Subject006,29998.12109375,0.0
latent_target_frame2,Subject006,29610.529296875,0.0
latent_target_frame3,Subject006,26516.1328125,0.0
data,Subject013,38497.0531976223,0.0
ground_truth,Subject013,19901.19140625,0.0
latent_target_frame1,Subject013,30333.044921875,0.0
latent_target_frame2,Subject013,27271.8984375,0.0
latent_target_frame3,Subject013,27991.767578125,0.0
data,Subject060,33205.29410094023,0.0
ground_truth,Subject060,19950.5703125,0.0
latent_target_frame1,Subject060,23150.994140625,0.0
latent_target_frame2,Subject060,16434.7890625,0.0
latent_target_frame3,Subject060,15067.798828125,0.0
data,Subject077,39652.02776134014,0.0
ground_truth,Subject077,20468.92578125,0.0
latent_target_frame1,Subject077,29611.59375,0.0
latent_target_frame2,Subject077,25881.529296875,0.0
latent_target_frame3,Subject077,24257.359375,0.0
data,Subject078,44735.8212813735,0.0
ground_truth,Subject078,22174.439453125,0.0
latent_target_frame1,Subject078,34554.44140625,0.0
latent_target_frame2,Subject078,32537.44921875,0.0
latent_target_frame3,Subject078,33957.7734375,0.0
data,Subject073,32118.164205104113,0.0
ground_truth,Subject073,12137.8466796875,0.0
latent_target_frame1,Subject073,24628.58984375,0.0
latent_target_frame2,Subject073,18583.4140625,0.0
latent_target_frame3,Subject073,15723.171875,0.0
data,Subject042,27541.357089579105,0.0
ground_truth,Subject042,10590.634765625,0.0
latent_target_frame1,Subject042,19102.396484375,0.0
latent_target_frame2,Subject042,15777.2109375,0.0
latent_target_frame3,Subject042,14455.1279296875,0.0
data,Subject036,44071.8626627326,0.0
ground_truth,Subject036,11480.7958984375,0.0
latent_target_frame1,Subject036,24629.205078125,0.0
latent_target_frame2,Subject036,21621.861328125,0.0
latent_target_frame3,Subject036,18971.37890625,0.0
data,Subject061,45839.05054092407,0.0
ground_truth,Subject061,23489.482421875,0.0
latent_target_frame1,Subject061,34320.1875,0.0
latent_target_frame2,Subject061,31332.470703125,0.0
latent_target_frame3,Subject061,28855.66015625,0.0
data,Subject001,36145.35470724106,0.0
ground_truth,Subject001,18392.375,0.0
latent_target_frame1,Subject001,27464.05078125,0.0
latent_target_frame2,Subject001,22856.642578125,0.0
latent_target_frame3,Subject001,22205.52734375,0.0
data,Subject066,43318.327285945415,0.0
ground_truth,Subject066,17108.1796875,0.0
latent_target_frame1,Subject066,29658.984375,0.0
latent_target_frame2,Subject066,24336.09375,0.0
latent_target_frame3,Subject066,21107.66796875,0.0
data,Subject023,26894.413836300373,0.0
ground_truth,Subject023,9481.017578125,0.0
latent_target_frame1,Subject023,20949.822265625,0.0
latent_target_frame2,Subject023,16172.3935546875,0.0
latent_target_frame3,Subject023,13715.6845703125,0.0
data,Subject086,32230.029685646296,0.0
ground_truth,Subject086,13919.9365234375,0.0
latent_target_frame1,Subject086,23891.234375,0.0
latent_target_frame2,Subject086,20241.013671875,0.0
latent_target_frame3,Subject086,18899.212890625,0.0
data,Subject041,33588.885903954506,0.0
ground_truth,Subject041,15153.54296875,0.0
latent_target_frame1,Subject041,24001.154296875,0.0
latent_target_frame2,Subject041,20720.29296875,0.0
latent_target_frame3,Subject041,17891.6953125,0.0
data,Subject087,36115.48797547817,0.0
ground_truth,Subject087,11561.5693359375,0.0
latent_target_frame1,Subject087,27894.505859375,0.0
latent_target_frame2,Subject087,20654.080078125,0.0
latent_target_frame3,Subject087,16527.05859375,0.0
data,Subject002,36085.394684672356,0.0
ground_truth,Subject002,14672.8408203125,0.0
latent_target_frame1,Subject002,26311.134765625,0.0
latent_target_frame2,Subject002,20771.46484375,0.0
latent_target_frame3,Subject002,18296.06640625,0.0
data,Subject011,60248.701757490635,0.0
ground_truth,Subject011,25460.146484375,0.0
latent_target_frame1,Subject011,42587.33984375,0.0
latent_target_frame2,Subject011,36845.41015625,0.0
latent_target_frame3,Subject011,34275.8515625,0.0
data,Subject072,32210.205769389868,0.0
ground_truth,Subject072,14665.95703125,0.0
latent_target_frame1,Subject072,25706.84765625,0.0
latent_target_frame2,Subject072,20502.306640625,0.0
latent_target_frame3,Subject072,18653.37109375,0.0
data,Subject025,31529.462250620127,0.0
ground_truth,Subject025,13658.755859375,0.0
latent_target_frame1,Subject025,21232.435546875,0.0
latent_target_frame2,Subject025,19029.26171875,0.0
latent_target_frame3,Subject025,17636.53125,0.0
data,Subject076,37302.512831389904,0.0
ground_truth,Subject076,17545.4140625,0.0
latent_target_frame1,Subject076,34482.796875,0.0
latent_target_frame2,Subject076,26592.728515625,0.0
latent_target_frame3,Subject076,25449.404296875,0.0
data,Subject083,56405.83852082491,0.0
ground_truth,Subject083,18347.0703125,0.0
latent_target_frame1,Subject083,37196.09375,0.0
latent_target_frame2,Subject083,29400.7578125,0.0
latent_target_frame3,Subject083,25917.02734375,0.0
data,Subject039,31434.80549186468,0.0
ground_truth,Subject039,10593.890625,0.0
latent_target_frame1,Subject039,20114.5625,0.0
latent_target_frame2,Subject039,15027.408203125,0.0
latent_target_frame3,Subject039,14069.8330078125,0.0
data,Subject051,44432.271225750446,0.0
ground_truth,Subject051,13649.0146484375,0.0
latent_target_frame1,Subject051,32182.39453125,0.0
latent_target_frame2,Subject051,25282.228515625,0.0
latent_target_frame3,Subject051,19426.630859375,0.0
data,Subject065,22088.987162411213,0.0
ground_truth,Subject065,12540.7978515625,0.0
latent_target_frame1,Subject065,15174.771484375,0.0
latent_target_frame2,Subject065,10844.96875,0.0
latent_target_frame3,Subject065,10379.451171875,0.0
data,Subject040,48697.104586064816,0.0
ground_truth,Subject040,36433.62890625,0.0
latent_target_frame1,Subject040,33276.109375,0.0
latent_target_frame2,Subject040,27947.150390625,0.0
latent_target_frame3,Subject040,24762.0078125,0.0
data,Subject028,35933.471221625805,0.0
ground_truth,Subject028,17948.9375,0.0
latent_target_frame1,Subject028,28314.080078125,0.0
latent_target_frame2,Subject028,25637.373046875,0.0
latent_target_frame3,Subject028,22758.16796875,0.0
data,Subject009,37747.94353455305,0.0
ground_truth,Subject009,12987.6435546875,0.0
latent_target_frame1,Subject009,26826.4375,0.0
latent_target_frame2,Subject009,21693.236328125,0.0
latent_target_frame3,Subject009,18192.818359375,0.0
data,Subject074,22773.523592054844,0.0
ground_truth,Subject074,9258.501953125,0.0
latent_target_frame1,Subject074,14934.6826171875,0.0
latent_target_frame2,Subject074,11071.4423828125,0.0
latent_target_frame3,Subject074,10008.15625,0.0
data,Subject033,19080.9588432312,0.0
ground_truth,Subject033,6272.86083984375,0.0
latent_target_frame1,Subject033,12590.734375,0.0
latent_target_frame2,Subject033,9974.521484375,0.0
latent_target_frame3,Subject033,9735.8310546875,0.0
data,Subject007,32975.67651093006,0.0
ground_truth,Subject007,13699.5302734375,0.0
latent_target_frame1,Subject007,24933.1484375,0.0
latent_target_frame2,Subject007,21927.62890625,0.0
latent_target_frame3,Subject007,18720.185546875,0.0
data,Subject015,70504.33823525906,0.0
ground_truth,Subject015,31921.05078125,0.0
latent_target_frame1,Subject015,52060.63671875,0.0
latent_target_frame2,Subject015,41708.671875,0.0
latent_target_frame3,Subject015,39963.4765625,0.0
data,Subject029,24460.28301000595,0.0
ground_truth,Subject029,8731.1318359375,0.0
latent_target_frame1,Subject029,16258.08203125,0.0
latent_target_frame2,Subject029,13971.8515625,0.0
latent_target_frame3,Subject029,11756.265625,0.0
data,Subject031,34299.03913021088,0.0
ground_truth,Subject031,13449.7373046875,0.0
latent_target_frame1,Subject031,26894.474609375,0.0
latent_target_frame2,Subject031,19778.1328125,0.0
latent_target_frame3,Subject031,17919.294921875,0.0
data,Subject089,39809.322236180305,0.0
ground_truth,Subject089,27943.9296875,0.0
latent_target_frame1,Subject089,29865.2421875,0.0
latent_target_frame2,Subject089,26615.734375,0.0
latent_target_frame3,Subject089,24176.130859375,0.0
data,Subject035,38318.591077029705,0.0
ground_truth,Subject035,18345.669921875,0.0
latent_target_frame1,Subject035,26098.328125,0.0
latent_target_frame2,Subject035,20367.34765625,0.0
latent_target_frame3,Subject035,18567.248046875,0.0
data,Subject014,33583.69067072868,0.0
ground_truth,Subject014,18517.01171875,0.0
latent_target_frame1,Subject014,29455.12109375,0.0
latent_target_frame2,Subject014,29403.201171875,0.0
latent_target_frame3,Subject014,27091.83984375,0.0
data,Subject054,28432.92356327176,0.0
ground_truth,Subject054,12171.9921875,0.0
latent_target_frame1,Subject054,19859.462890625,0.0
latent_target_frame2,Subject054,18495.77734375,0.0
latent_target_frame3,Subject054,14952.98046875,0.0
data,Subject059,40773.62783432007,0.0
ground_truth,Subject059,11328.1669921875,0.0
latent_target_frame1,Subject059,24313.80859375,0.0
latent_target_frame2,Subject059,19367.7578125,0.0
latent_target_frame3,Subject059,16733.82421875,0.0
data,Subject053,48134.847540557384,0.0
ground_truth,Subject053,24319.203125,0.0
latent_target_frame1,Subject053,28376.38671875,0.0
latent_target_frame2,Subject053,24080.720703125,0.0
latent_target_frame3,Subject053,21135.11328125,0.0
data,Subject085,40042.29914993048,0.0
ground_truth,Subject085,26255.75,0.0
latent_target_frame1,Subject085,28707.0703125,0.0
latent_target_frame2,Subject085,22444.56640625,0.0
latent_target_frame3,Subject085,19820.900390625,0.0
data,Subject019,33156.47453337908,0.0
ground_truth,Subject019,17171.34375,0.0
latent_target_frame1,Subject019,22834.68359375,0.0
latent_target_frame2,Subject019,19407.7734375,0.0
latent_target_frame3,Subject019,19300.7109375,0.0
data,Subject050,35266.215778291225,0.0
ground_truth,Subject050,18682.55859375,0.0
latent_target_frame1,Subject050,27735.765625,0.0
latent_target_frame2,Subject050,24449.22265625,0.0
latent_target_frame3,Subject050,22393.9296875,0.0
data,Subject030,30058.033531308174,0.0
ground_truth,Subject030,12106.4208984375,0.0
latent_target_frame1,Subject030,20837.736328125,0.0
latent_target_frame2,Subject030,16584.07421875,0.0
latent_target_frame3,Subject030,13086.171875,0.0
data,Subject084,32966.88758254051,0.0
ground_truth,Subject084,11888.6689453125,0.0
latent_target_frame1,Subject084,22350.62109375,0.0
latent_target_frame2,Subject084,17638.650390625,0.0
latent_target_frame3,Subject084,13936.037109375,0.0
data,Subject068,53673.3138102293,0.0
ground_truth,Subject068,23913.3046875,0.0
latent_target_frame1,Subject068,38468.69140625,0.0
latent_target_frame2,Subject068,33369.59375,0.0
latent_target_frame3,Subject068,30084.55859375,0.0
data,Subject071,31451.54351770878,0.0
ground_truth,Subject071,11085.5703125,0.0
latent_target_frame1,Subject071,21189.453125,0.0
latent_target_frame2,Subject071,16710.3984375,0.0
latent_target_frame3,Subject071,14503.603515625,0.0
data,Subject003,25930.47737315297,0.0
ground_truth,Subject003,10592.8671875,0.0
latent_target_frame1,Subject003,17689.3828125,0.0
latent_target_frame2,Subject003,13777.685546875,0.0
latent_target_frame3,Subject003,12390.57421875,0.0
data,Subject092,33673.15024316311,0.0
ground_truth,Subject092,12822.1279296875,0.0
latent_target_frame1,Subject092,21845.62109375,0.0
latent_target_frame2,Subject092,18637.38671875,0.0
latent_target_frame3,Subject092,17194.5,0.0
data,Subject018,34155.072576999664,0.0
ground_truth,Subject018,13288.6474609375,0.0
latent_target_frame1,Subject018,24039.546875,0.0
latent_target_frame2,Subject018,20339.50390625,0.0
latent_target_frame3,Subject018,17059.435546875,0.0
data,Subject016,37450.35041928291,0.0
ground_truth,Subject016,18812.1328125,0.0
latent_target_frame1,Subject016,28542.75390625,0.0
latent_target_frame2,Subject016,25494.171875,0.0
latent_target_frame3,Subject016,22873.94140625,0.0
data,Subject075,36259.38812345266,0.0
ground_truth,Subject075,17876.263671875,0.0
latent_target_frame1,Subject075,26286.3125,0.0
latent_target_frame2,Subject075,24379.171875,0.0
latent_target_frame3,Subject075,21574.810546875,0.0
data,Subject043,39909.164462685585,0.0
ground_truth,Subject043,20141.00390625,0.0
latent_target_frame1,Subject043,30153.3203125,0.0
latent_target_frame2,Subject043,25592.064453125,0.0
latent_target_frame3,Subject043,23219.107421875,0.0
data,Subject064,24958.91993254423,0.0
ground_truth,Subject064,15299.1796875,0.0
latent_target_frame1,Subject064,21641.482421875,0.0
latent_target_frame2,Subject064,20505.990234375,0.0
latent_target_frame3,Subject064,18111.697265625,0.0
data,Subject069,41596.189501583576,0.0
ground_truth,Subject069,17036.806640625,0.0
latent_target_frame1,Subject069,25225.60546875,0.0
latent_target_frame2,Subject069,22625.943359375,0.0
latent_target_frame3,Subject069,21115.392578125,0.0
data,Subject008,17927.00184211135,0.0
ground_truth,Subject008,7868.16064453125,0.0
latent_target_frame1,Subject008,9927.794921875,0.0
latent_target_frame2,Subject008,8732.6396484375,0.0
latent_target_frame3,Subject008,7168.85986328125,0.0
data,Subject047,30307.879328280687,0.0
ground_truth,Subject047,10875.79296875,0.0
latent_target_frame1,Subject047,22742.55859375,0.0
latent_target_frame2,Subject047,18169.458984375,0.0
latent_target_frame3,Subject047,15934.966796875,0.0
data,Subject067,35850.59358000755,0.0
ground_truth,Subject067,16755.25390625,0.0
latent_target_frame1,Subject067,25843.32421875,0.0
latent_target_frame2,Subject067,21441.279296875,0.0
latent_target_frame3,Subject067,20323.193359375,0.0
data,Subject022,43814.42127853632,0.0
ground_truth,Subject022,37304.16796875,0.0
latent_target_frame1,Subject022,21317.15625,0.0
latent_target_frame2,Subject022,19425.833984375,0.0
latent_target_frame3,Subject022,16282.9248046875,0.0
data,Subject049,39747.94426649809,0.0
ground_truth,Subject049,25138.59765625,0.0
latent_target_frame1,Subject049,28559.263671875,0.0
latent_target_frame2,Subject049,20975.98828125,0.0
latent_target_frame3,Subject049,23990.03125,0.0
data,Subject021,26442.623855173588,0.0
ground_truth,Subject021,9167.6884765625,0.0
latent_target_frame1,Subject021,19079.1953125,0.0
latent_target_frame2,Subject021,13365.6455078125,0.0
latent_target_frame3,Subject021,11235.1640625,0.0
data,Subject044,32942.32155114412,0.0
ground_truth,Subject044,11755.0869140625,0.0
latent_target_frame1,Subject044,21228.255859375,0.0
latent_target_frame2,Subject044,18383.494140625,0.0
latent_target_frame3,Subject044,14773.9150390625,0.0
data,Subject037,17071.45044386387,0.0
ground_truth,Subject037,5587.75537109375,0.0
latent_target_frame1,Subject037,9942.9658203125,0.0
latent_target_frame2,Subject037,7468.41064453125,0.0
latent_target_frame3,Subject037,6209.431640625,0.0
data,Subject004,45923.00629109144,0.0
ground_truth,Subject004,19237.056640625,0.0
latent_target_frame1,Subject004,32940.1875,0.0
latent_target_frame2,Subject004,26119.46484375,0.0
latent_target_frame3,Subject004,24276.5546875,0.0
